fold,return_pct,sharpe,max_dd_pct,n_trades
0,54.478934999998984,1.0352047017150192,21.522665540976735,166
