{
  "policy_arch": "cnn",
  "feature_groups": [],
  "baseline_buy_hold_pct": 122.51020728441216,
  "single": {
    "n_cells": 3,
    "median": 27.20946649999838,
    "mean": 22.270222166665164,
    "std": 20.49158987321882,
    "iqr": 24.729755000000157,
    "p10": 1.4985692999983922,
    "p90": 41.06617729999865,
    "worst": -4.929155000001606,
    "best": 44.530354999998714,
    "pct_positive": 66.66666666666666,
    "robustness_score": 14.082100666663363,
    "vs_baseline_winrate": 0.0
  },
  "ensemble": {
    "n_cells": 1,
    "median": 54.478934999998984,
    "mean": 54.478934999998984,
    "std": 0.0,
    "iqr": 0.0,
    "p10": 54.478934999998984,
    "p90": 54.478934999998984,
    "worst": 54.478934999998984,
    "best": 54.478934999998984,
    "pct_positive": 100.0,
    "robustness_score": 66.97893499999898,
    "vs_baseline_winrate": 0.0
  },
  "median_ci": [
    -4.929155000001606,
    44.530354999998714
  ]
}