{
  "policy_arch": "cnn",
  "feature_groups": [],
  "baseline_buy_hold_pct": 26.992628223685376,
  "single": {
    "n_cells": 12,
    "median": -1.170738100000046,
    "mean": -4.518456241666969,
    "std": 20.804368295444032,
    "iqr": 13.74522795000045,
    "p10": -37.467481770001015,
    "p90": 19.491831359998923,
    "worst": -40.07563230000062,
    "best": 36.87369660000108,
    "pct_positive": 16.666666666666664,
    "robustness_score": -56.45231770833423,
    "vs_baseline_winrate": 8.333333333333332
  },
  "ensemble": {
    "n_cells": 4,
    "median": 0.0,
    "mean": 5.826012949999882,
    "std": 10.090950434954033,
    "iqr": 5.826012949999882,
    "p10": 0.0,
    "p90": 16.312836259999674,
    "worst": 0.0,
    "best": 23.304051799999527,
    "pct_positive": 25.0,
    "robustness_score": -9.163006474999941,
    "vs_baseline_winrate": 0.0
  },
  "median_ci": [
    -13.969950300000633,
    0.0
  ]
}