fold,return_pct,sharpe,max_dd_pct,n_trades
0,36.70319450000012,1.1147456104724036,17.1383544895938,56
