{
  "policy_arch": "cnn",
  "feature_groups": [],
  "baseline_buy_hold_pct": 125.26654112523671,
  "single": {
    "n_cells": 4,
    "median": 44.76955954999951,
    "mean": 36.75935952499942,
    "std": 29.51944445358206,
    "iqr": 45.67962627499841,
    "p10": 3.0424915599997533,
    "p90": 64.06806746999901,
    "worst": -6.878945000000581,
    "best": 64.37726399999923,
    "pct_positive": 75.0,
    "robustness_score": 21.30080141249972,
    "vs_baseline_winrate": 0.0
  },
  "ensemble": {
    "n_cells": 1,
    "median": 36.70319450000012,
    "mean": 36.70319450000012,
    "std": 0.0,
    "iqr": 0.0,
    "p10": 36.70319450000012,
    "p90": 36.70319450000012,
    "worst": 36.70319450000012,
    "best": 36.70319450000012,
    "pct_positive": 100.0,
    "robustness_score": 49.20319450000012,
    "vs_baseline_winrate": 0.0
  },
  "median_ci": [
    -6.878945000000581,
    64.37726399999923
  ]
}