fold,return_pct,sharpe,max_dd_pct,n_trades
0,11.430901499999901,1.0611012011755852,4.804433141497686,9
