{
  "policy_arch": "cnn",
  "feature_groups": [],
  "baseline_buy_hold_pct": 125.26654112523671,
  "single": {
    "n_cells": 4,
    "median": 38.12161619999986,
    "mean": 29.159613324999793,
    "std": 24.172336026691653,
    "iqr": 16.976939824998993,
    "p10": 3.1354577200000584,
    "p90": 48.01416662999948,
    "worst": -11.542333700000128,
    "best": 51.93755459999958,
    "pct_positive": 75.0,
    "robustness_score": 24.34081258750024,
    "vs_baseline_winrate": 0.0
  },
  "ensemble": {
    "n_cells": 1,
    "median": 11.430901499999901,
    "mean": 11.430901499999901,
    "std": 0.0,
    "iqr": 0.0,
    "p10": 11.430901499999901,
    "p90": 11.430901499999901,
    "worst": 11.430901499999901,
    "best": 11.430901499999901,
    "pct_positive": 100.0,
    "robustness_score": 23.9309014999999,
    "vs_baseline_winrate": 0.0
  },
  "median_ci": [
    -11.542333700000128,
    51.93755459999958
  ]
}