fold,seed,train_sharpe,val_sharpe,val_return_pct,return_pct,sharpe,max_dd_pct,n_trades
0,0,-1.719209392552722,-0.08594558525814718,-3.10394040000066,11.91113869999938,0.36602634896565117,31.05115909317323,118
0,1,-0.4229830294307681,1.3441544350938925,32.580952999999305,30.140819900000217,0.5399756052020696,32.05283126707902,288
0,2,-0.49209276076507463,0.37226641455147697,4.588452999999548,34.47371119999949,0.6735893803392236,34.31578950512284,198
0,3,-0.946394156800716,-0.2548877672382029,-6.488376000003804,-8.276942500004425,-0.033593952246711994,33.33035550133794,393
