fold,return_pct,sharpe,max_dd_pct,n_trades
0,15.044423199998702,0.365327427541715,31.321151895066496,225
