{
  "policy_arch": "cnn",
  "feature_groups": [],
  "baseline_buy_hold_pct": 125.26654112523671,
  "single": {
    "n_cells": 4,
    "median": 21.025979299999797,
    "mean": 17.062181824998667,
    "std": 16.902785243170445,
    "iqr": 24.359924325001607,
    "p10": -2.220518140003282,
    "p90": 33.17384380999971,
    "worst": -8.276942500004425,
    "best": 34.47371119999949,
    "pct_positive": 75.0,
    "robustness_score": 6.819074637494568,
    "vs_baseline_winrate": 0.0
  },
  "ensemble": {
    "n_cells": 1,
    "median": 15.044423199998702,
    "mean": 15.044423199998702,
    "std": 0.0,
    "iqr": 0.0,
    "p10": 15.044423199998702,
    "p90": 15.044423199998702,
    "worst": 15.044423199998702,
    "best": 15.044423199998702,
    "pct_positive": 100.0,
    "robustness_score": 27.544423199998704,
    "vs_baseline_winrate": 0.0
  },
  "median_ci": [
    -8.276942500004425,
    34.47371119999949
  ]
}