{
  "policy_arch": "cnn",
  "feature_groups": [],
  "baseline_buy_hold_pct": 26.992628223685376,
  "single": {
    "n_cells": 12,
    "median": -1.846210050000402,
    "mean": 6.763565533332417,
    "std": 41.31348779663009,
    "iqr": 35.79188097499896,
    "p10": -38.34874194000097,
    "p90": 74.23632781999844,
    "worst": -40.1323991000011,
    "best": 96.35175050000085,
    "pct_positive": 41.66666666666667,
    "robustness_score": -61.95788297083432,
    "vs_baseline_winrate": 25.0
  },
  "ensemble": {
    "n_cells": 4,
    "median": -10.719809600001124,
    "mean": -15.364690500000648,
    "std": 14.950019984203504,
    "iqr": 10.448983400000525,
    "p10": -31.369075040000794,
    "p90": -3.0762106800001217,
    "worst": -40.10396390000056,
    "best": 0.0848211000002097,
    "pct_positive": 25.0,
    "robustness_score": -62.29826520000194,
    "vs_baseline_winrate": 0.0
  },
  "median_ci": [
    -20.403812800000857,
    22.161509849998353
  ]
}