{
  "policy_arch": "cnn_lstm",
  "feature_groups": [],
  "baseline_buy_hold_pct": 26.992628223685376,
  "single": {
    "n_cells": 12,
    "median": -12.104694200001305,
    "mean": -4.809627091667497,
    "std": 33.308733156183585,
    "iqr": 25.448504425000205,
    "p10": -39.46030437000073,
    "p90": 27.20170459000142,
    "worst": -40.07828450000096,
    "best": 85.02792109999868,
    "pct_positive": 25.0,
    "robustness_score": -71.15723091250237,
    "vs_baseline_winrate": 16.666666666666664
  },
  "ensemble": {
    "n_cells": 4,
    "median": -20.94410895000103,
    "mean": -19.54856627500068,
    "std": 4.863057214977334,
    "iqr": 5.911545275000858,
    "p10": -23.96971404000127,
    "p90": -14.010984369999814,
    "worst": -24.481449900001262,
    "best": -11.824597299999407,
    "pct_positive": 0.0,
    "robustness_score": -60.88133148750272,
    "vs_baseline_winrate": 0.0
  },
  "median_ci": [
    -27.155435250001098,
    5.300186099999588
  ]
}