fold,seed,return_pct,sharpe,max_dd_pct,n_trades
0,0,138.5338009999992,1.8654232496616194,12.174206858083538,156
