fold,seed,return_pct,sharpe,max_dd_pct,n_trades
0,0,78.51278359999905,1.6585138940482047,9.424972506489235,75
