fold,seed,return_pct,sharpe,max_dd_pct,n_trades
0,0,45.07896119999837,0.9496808929594144,20.281376003852543,130
