{
  "policy_arch": "cnn",
  "feature_groups": [],
  "baseline_buy_hold_pct": 26.992628223685376,
  "single": {
    "n_cells": 12,
    "median": -3.1912117500012216,
    "mean": 14.512235299998842,
    "std": 45.30850757172944,
    "iqr": 55.86990047500035,
    "p10": -37.81855832000051,
    "p90": 86.61966904999842,
    "worst": -40.034522700001084,
    "best": 95.69390110000056,
    "pct_positive": 41.66666666666667,
    "robustness_score": -73.24401802083581,
    "vs_baseline_winrate": 33.33333333333333
  },
  "ensemble": {
    "n_cells": 4,
    "median": 4.474158199999257,
    "mean": 14.849299574999225,
    "std": 20.802626333601335,
    "iqr": 18.212463274998754,
    "p10": 0.22219889999994583,
    "p90": 37.77651334999849,
    "worst": 0.0,
    "best": 50.44888189999839,
    "pct_positive": 75.0,
    "robustness_score": 1.6179265624998802,
    "vs_baseline_winrate": 25.0
  },
  "median_ci": [
    -15.413850650001176,
    52.38019319999791
  ]
}