{
  "policy_arch": "cnn",
  "deadline_range": [
    32,
    128
  ],
  "fixed_cost_bps": 1.0,
  "impact_bps_per_lot": 10.0,
  "n_eval_episodes": 100,
  "single": {
    "n_cells": 12,
    "median": -0.2530927476636597,
    "mean": -2.4317977063544403,
    "std": 4.946802663905366,
    "iqr": 1.0520592578953067,
    "p10": -10.847812068496456,
    "p90": 0.40487809579900197,
    "worst": -14.764530952882478,
    "best": 0.9327453161847002,
    "pct_positive": 41.66666666666667,
    "robustness_score": -17.626986662827125,
    "vs_baseline_winrate": 41.66666666666667
  },
  "ensemble": {
    "n_cells": 4,
    "median": 0.2610073691859224,
    "mean": 0.11696103043139994,
    "std": 0.7608604148246377,
    "iqr": 0.9034176857801215,
    "p10": -0.7356290006152102,
    "p90": 0.8543139904743922,
    "worst": -1.0508985723044173,
    "best": 0.9967279556581723,
    "pct_positive": 50.0,
    "robustness_score": -1.2416000460085557,
    "vs_baseline_winrate": 50.0
  },
  "median_ci": [
    -1.5002189598313733,
    5.905775868342289e-12
  ]
}