fold,return_pct,sharpe,max_dd_pct,n_trades
0,134.97399449999992,1.7391798296464804,21.598010409797684,183
