{
  "policy_arch": "cnn",
  "feature_groups": [],
  "baseline_buy_hold_pct": 122.51020728441216,
  "single": {
    "n_cells": 3,
    "median": -40.035070300001365,
    "mean": 24.99998296666571,
    "std": 92.14480673902895,
    "iqr": 97.79483370000085,
    "p10": -40.228873340001556,
    "p90": 116.24286057999981,
    "worst": -40.27732410000161,
    "best": 155.3123433000001,
    "pct_positive": 33.33333333333333,
    "robustness_score": -133.37647791667004,
    "vs_baseline_winrate": 33.33333333333333
  },
  "ensemble": {
    "n_cells": 1,
    "median": 134.97399449999992,
    "mean": 134.97399449999992,
    "std": 0.0,
    "iqr": 0.0,
    "p10": 134.97399449999992,
    "p90": 134.97399449999992,
    "worst": 134.97399449999992,
    "best": 134.97399449999992,
    "pct_positive": 100.0,
    "robustness_score": 147.47399449999992,
    "vs_baseline_winrate": 100.0
  },
  "median_ci": [
    -40.27732410000161,
    155.3123433000001
  ]
}