fold,return_pct,sharpe,max_dd_pct,n_trades
0,-14.3214088000025,-0.4200102874463237,19.37695329374222,136
1,28.09594789999812,0.969351454588762,21.761034010272787,119
2,-7.612834200002672,-0.17275018215079624,20.580914927755643,151
3,-15.889097800000362,-0.38138817494306454,46.65710516492089,186
