{
  "policy_arch": "cnn",
  "feature_groups": [],
  "baseline_buy_hold_pct": 25.943379022376,
  "single": {
    "n_cells": 128,
    "median": -5.2113526000018116,
    "mean": -3.4007851742204003,
    "std": 20.52233743917608,
    "iqr": 29.619529824999937,
    "p10": -29.50818309000196,
    "p90": 23.270760319998036,
    "worst": -40.43034650000108,
    "best": 67.6572993999979,
    "pct_positive": 40.625,
    "robustness_score": -62.79521401250286,
    "vs_baseline_winrate": 9.375
  },
  "ensemble": {
    "n_cells": 4,
    "median": -10.967121500002586,
    "mean": -2.4318482250018536,
    "std": 17.89726353882854,
    "iqr": 16.02769237499949,
    "p10": -15.418791100001004,
    "p90": 17.38331326999789,
    "worst": -15.889097800000362,
    "best": 28.09594789999812,
    "pct_positive": 25.0,
    "robustness_score": -41.12006548750269,
    "vs_baseline_winrate": 25.0
  },
  "median_ci": [
    -10.122518699999727,
    -0.2775125000017975
  ]
}