{
  "policy_arch": "cnn",
  "feature_groups": [],
  "baseline_buy_hold_pct": 26.992628223685376,
  "single": {
    "n_cells": 12,
    "median": -29.047670150001036,
    "mean": -24.346995733334126,
    "std": 16.64010869267311,
    "iqr": 28.184001999999538,
    "p10": -40.12124383000084,
    "p90": -0.6611105999999447,
    "worst": -40.18230010000106,
    "best": 1.6189684999999843,
    "pct_positive": 8.333333333333332,
    "robustness_score": -93.73863791666854,
    "vs_baseline_winrate": 0.0
  },
  "ensemble": {
    "n_cells": 4,
    "median": -32.99610740000094,
    "mean": -29.459749325000956,
    "std": 11.72827530430653,
    "iqr": 17.6219322749999,
    "p10": -40.070553080000806,
    "p90": -16.019859110001118,
    "worst": -40.09165880000075,
    "best": -11.755123700001203,
    "pct_positive": 0.0,
    "robustness_score": -94.39873233750163,
    "vs_baseline_winrate": 0.0
  },
  "median_ci": [
    -40.08774085000077,
    -9.852246750001225
  ]
}