{
  "policy_arch": "cnn",
  "feature_groups": [],
  "baseline_buy_hold_pct": 26.33304304583987,
  "single": {
    "n_cells": 12,
    "median": -7.633974500000979,
    "mean": 3.4707500333324384,
    "std": 40.6719380941716,
    "iqr": 25.98834672500123,
    "p10": -38.29790911000067,
    "p90": 73.0607401599994,
    "worst": -40.22285660000089,
    "best": 95.35741109999849,
    "pct_positive": 33.33333333333333,
    "robustness_score": -65.01767112916914,
    "vs_baseline_winrate": 16.666666666666664
  },
  "ensemble": {
    "n_cells": 4,
    "median": -3.323169300000189,
    "mean": -7.70427792500446,
    "std": 20.279360595449134,
    "iqr": 15.456106875004643,
    "p10": -29.33899066001259,
    "p90": 10.42554791000026,
    "worst": -40.07046640001789,
    "best": 15.899693300000429,
    "pct_positive": 25.0,
    "robustness_score": -57.371689137520406,
    "vs_baseline_winrate": 0.0
  },
  "median_ci": [
    -19.714345250001315,
    7.692820399999423
  ]
}