{
  "policy_arch": "cnn",
  "feature_groups": [],
  "baseline_buy_hold_pct": 25.943379022376,
  "single": {
    "n_cells": 128,
    "median": 8.817563499998592,
    "mean": 17.006657695311244,
    "std": 35.89099823375534,
    "iqr": 28.439936525000665,
    "p10": -12.434359960001748,
    "p90": 59.20747512999857,
    "worst": -38.039523500000946,
    "best": 280.2257239000005,
    "pct_positive": 70.3125,
    "robustness_score": -38.363803262502685,
    "vs_baseline_winrate": 25.78125
  },
  "ensemble": {
    "n_cells": 4,
    "median": 16.09071179999871,
    "mean": 23.08092967499882,
    "std": 21.288504604490782,
    "iqr": 27.614122225000433,
    "p10": 4.266093309998444,
    "p90": 47.4879403399993,
    "worst": 3.257649099998372,
    "best": 56.88464599999949,
    "pct_positive": 100.0,
    "robustness_score": 14.783650687498495,
    "vs_baseline_winrate": 25.0
  },
  "median_ci": [
    6.684382499998264,
    13.558046699999515
  ]
}