{
  "policy_arch": "cnn",
  "feature_groups": [],
  "baseline_buy_hold_pct": 26.992628223685376,
  "single": {
    "n_cells": 12,
    "median": -1.3538768000002366,
    "mean": -6.714166575000257,
    "std": 16.653509318690418,
    "iqr": 16.170198350000277,
    "p10": -37.43261740000092,
    "p90": 9.735754869999385,
    "worst": -40.05349490000022,
    "best": 12.637490400000818,
    "pct_positive": 33.33333333333333,
    "robustness_score": -53.659137541667256,
    "vs_baseline_winrate": 0.0
  },
  "ensemble": {
    "n_cells": 4,
    "median": 0.9097478999999797,
    "mean": 0.33091127500017015,
    "std": 6.417277848813089,
    "iqr": 5.860874875000274,
    "p10": -6.468301980000174,
    "p90": 6.667055230000669,
    "worst": -9.240431400000249,
    "best": 8.74458070000097,
    "pct_positive": 50.0,
    "robustness_score": -11.261120937500406,
    "vs_baseline_winrate": 0.0
  },
  "median_ci": [
    -12.303854700000338,
    4.943800299999712
  ]
}