{
  "policy_arch": "cnn",
  "feature_groups": [],
  "baseline_buy_hold_pct": 26.992628223685376,
  "single": {
    "n_cells": 12,
    "median": -40.234643622724406,
    "mean": -29.903029020543766,
    "std": 19.237267570420673,
    "iqr": 6.857143686780269,
    "p10": -40.609918717763726,
    "p90": -1.3388407784486265,
    "worst": -40.88197647800638,
    "best": 17.916898779293366,
    "pct_positive": 8.333333333333332,
    "robustness_score": -94.96185861078759,
    "vs_baseline_winrate": 0.0
  },
  "ensemble": {
    "n_cells": 4,
    "median": -6.190738699032083,
    "mean": -6.043939833674069,
    "std": 6.447083674296767,
    "iqr": 11.245609714796064,
    "p10": -12.82887049524416,
    "p90": 0.8584299201824336,
    "worst": -13.554688076239529,
    "best": 1.7604061396074178,
    "pct_positive": 25.0,
    "robustness_score": -31.618231632669644,
    "vs_baseline_winrate": 0.0
  },
  "median_ci": [
    -40.365713969934845,
    -26.782149221471478
  ]
}