fold,seed,return_pct,sharpe,max_dd_pct,n_trades
0,0,0.0,0.0,0.0,0
0,1,-40.02305640000083,-2.3076379146141193,47.17052976530454,89
