fold,return_pct,sharpe,max_dd_pct,n_trades
0,-40.099276100000814,-2.537705796155296,46.350221076513954,83
