{
  "policy_arch": "cnn",
  "feature_groups": [],
  "baseline_buy_hold_pct": 122.51020728441216,
  "single": {
    "n_cells": 2,
    "median": -20.011528200000416,
    "mean": -20.011528200000416,
    "std": 20.011528200000416,
    "iqr": 20.01152820000042,
    "p10": -36.02075076000075,
    "p90": -4.002305640000082,
    "worst": -40.02305640000083,
    "best": 0.0,
    "pct_positive": 0.0,
    "robustness_score": -82.54034870000146,
    "vs_baseline_winrate": 0.0
  },
  "ensemble": {
    "n_cells": 1,
    "median": -40.099276100000814,
    "mean": -40.099276100000814,
    "std": 0.0,
    "iqr": 0.0,
    "p10": -40.099276100000814,
    "p90": -40.099276100000814,
    "worst": -40.099276100000814,
    "best": -40.099276100000814,
    "pct_positive": 0.0,
    "robustness_score": -92.69855220000163,
    "vs_baseline_winrate": 0.0
  },
  "median_ci": [
    -40.02305640000083,
    0.0
  ]
}