{
  "policy_arch": "cnn",
  "feature_groups": [],
  "baseline_buy_hold_pct": 26.992628223685376,
  "single": {
    "n_cells": 12,
    "median": -2.685135550001194,
    "mean": 10.2790964333327,
    "std": 36.38187690391523,
    "iqr": 25.647475849998585,
    "p10": -12.652055829999451,
    "p90": 52.9535476899999,
    "worst": -33.55255240000113,
    "best": 108.35509419999778,
    "pct_positive": 33.33333333333333,
    "robustness_score": -53.22809254166828,
    "vs_baseline_winrate": 16.666666666666664
  },
  "ensemble": {
    "n_cells": 4,
    "median": 2.194853399999414,
    "mean": 1.2381349749999186,
    "std": 9.183895443006165,
    "iqr": 14.665225524998462,
    "p10": -8.95492664999873,
    "p90": 10.665821859998973,
    "worst": -11.180798699998174,
    "best": 11.743631799999022,
    "pct_positive": 50.0,
    "robustness_score": -16.318558062497992,
    "vs_baseline_winrate": 0.0
  },
  "median_ci": [
    -9.855570699999937,
    18.061791499999213
  ]
}