{
  "policy_arch": "cnn",
  "feature_groups": [],
  "baseline_buy_hold_pct": 25.943379022376,
  "single": {
    "n_cells": 128,
    "median": 8.215061899998078,
    "mean": 13.058592740623721,
    "std": 24.71278021981623,
    "iqr": 30.56269782500045,
    "p10": -14.982824820002516,
    "p90": 46.09792581999958,
    "worst": -31.47395250000111,
    "best": 115.00630990000036,
    "pct_positive": 67.96875,
    "robustness_score": -34.048052012503256,
    "vs_baseline_winrate": 30.46875
  },
  "ensemble": {
    "n_cells": 4,
    "median": 19.828378899998953,
    "mean": 21.514163949999038,
    "std": 9.277694927131778,
    "iqr": 11.260691950000513,
    "p10": 12.461186959998567,
    "p90": 31.915768979999577,
    "worst": 10.741361299998452,
    "best": 35.658536699999786,
    "pct_positive": 100.0,
    "robustness_score": 26.698032924998696,
    "vs_baseline_winrate": 25.0
  },
  "median_ci": [
    3.732334699998885,
    14.258962799998343
  ]
}