{
  "policy_arch": "cnn",
  "feature_groups": [],
  "baseline_buy_hold_pct": 25.943379022376,
  "single": {
    "n_cells": 128,
    "median": 8.021924349997967,
    "mean": 12.363694989842168,
    "std": 26.822969620816295,
    "iqr": 32.010046450000985,
    "p10": -17.3361234100015,
    "p90": 47.63062978999854,
    "worst": -28.164278400002086,
    "best": 96.33874190000054,
    "pct_positive": 64.0625,
    "robustness_score": -32.631752275004615,
    "vs_baseline_winrate": 25.0
  },
  "ensemble": {
    "n_cells": 4,
    "median": 18.096946399998473,
    "mean": 21.05664229999854,
    "std": 15.787948049417729,
    "iqr": 14.384049800000387,
    "p10": 6.278517219998153,
    "p90": 38.20252409999899,
    "worst": 2.2076823999980455,
    "best": 45.82499399999917,
    "pct_positive": 100.0,
    "robustness_score": 23.40492149999828,
    "vs_baseline_winrate": 25.0
  },
  "median_ci": [
    3.701259299998272,
    12.35111639999824
  ]
}