{
  "policy_arch": "cnn",
  "feature_groups": [
    "volatility"
  ],
  "baseline_buy_hold_pct": 26.992628223685376,
  "single": {
    "n_cells": 64,
    "median": -0.872983050000814,
    "mean": 14.500063826561421,
    "std": 49.96439599975333,
    "iqr": 70.74649587500033,
    "p10": -40.041158680000905,
    "p90": 93.40119836000095,
    "worst": -40.13072850000058,
    "best": 149.63939939999952,
    "pct_positive": 46.875,
    "robustness_score": -77.15820948750155,
    "vs_baseline_winrate": 28.125
  },
  "ensemble": {
    "n_cells": 4,
    "median": 5.625810049999391,
    "mean": 6.661958549999741,
    "std": 9.072309833172843,
    "iqr": 14.00155170000073,
    "p10": -2.6224963400006214,
    "p90": 16.775332240000385,
    "worst": -3.7995662000005037,
    "best": 19.195780300000685,
    "pct_positive": 75.0,
    "robustness_score": 1.075467999998522,
    "vs_baseline_winrate": 0.0
  },
  "median_ci": [
    -12.712986150001376,
    11.227531299998429
  ]
}