fold,return_pct,sharpe,max_dd_pct,n_trades
0,37.18458984374999,0.9246140103975927,24.49767088007781,117
1,43.423623046874994,1.5291405739078718,10.364291403247062,54
