{
  "policy_arch": "cnn",
  "feature_groups": [],
  "baseline_buy_hold_pct": 57.86686441312622,
  "single": {
    "n_cells": 6,
    "median": 9.736726074218755,
    "mean": 39.92375732421875,
    "std": 96.6704562564639,
    "iqr": 93.55541259765624,
    "p10": -38.29984375,
    "p90": 148.33438964843748,
    "worst": -40.0695654296875,
    "best": 235.5208984375,
    "pct_positive": 50.0,
    "robustness_score": -77.11054565429687,
    "vs_baseline_winrate": 33.33333333333333
  },
  "ensemble": {
    "n_cells": 2,
    "median": 40.30410644531249,
    "mean": 40.30410644531249,
    "std": 3.119516601562502,
    "iqr": 3.119516601562495,
    "p10": 37.80849316406249,
    "p90": 42.79971972656249,
    "worst": 37.18458984374999,
    "best": 43.423623046874994,
    "pct_positive": 100.0,
    "robustness_score": 51.244348144531244,
    "vs_baseline_winrate": 0.0
  },
  "median_ci": [
    -38.29984375,
    148.33438964843748
  ]
}