{
  "policy_arch": "cnn",
  "feature_groups": [],
  "baseline_buy_hold_pct": 25.943379022376,
  "single": {
    "n_cells": 128,
    "median": 12.078872199998447,
    "mean": 16.172312360154955,
    "std": 30.131769342542405,
    "iqr": 33.064885649999695,
    "p10": -13.475090000002027,
    "p90": 55.01625393999964,
    "worst": -34.627827400000925,
    "best": 141.48581610000014,
    "pct_positive": 64.84375,
    "robustness_score": -35.37046052500233,
    "vs_baseline_winrate": 28.125
  },
  "ensemble": {
    "n_cells": 4,
    "median": 7.863483099998248,
    "mean": 14.632712049998538,
    "std": 24.985050057640862,
    "iqr": 26.03754005000058,
    "p10": -7.9315041000018836,
    "p90": 42.6123113599992,
    "worst": -12.038725200001876,
    "best": 54.842607199999534,
    "pct_positive": 75.0,
    "robustness_score": -10.944012125003916,
    "vs_baseline_winrate": 25.0
  },
  "median_ci": [
    5.726198499998669,
    18.536652299998522
  ]
}