fold,return_pct,sharpe,max_dd_pct,n_trades
0,105.82728629999947,1.413130361906772,19.317476557086746,208
