{
  "policy_arch": "cnn",
  "feature_groups": [],
  "baseline_buy_hold_pct": 122.51020728441216,
  "single": {
    "n_cells": 3,
    "median": 6.541512800000415,
    "mean": 43.53706816666692,
    "std": 82.7473188035551,
    "iqr": 96.14663185000144,
    "p10": -25.981126240000933,
    "p90": 127.85348472000138,
    "worst": -34.11178600000127,
    "best": 158.1814777000016,
    "pct_positive": 66.66666666666666,
    "robustness_score": -71.4769224583349,
    "vs_baseline_winrate": 33.33333333333333
  },
  "ensemble": {
    "n_cells": 1,
    "median": 105.82728629999947,
    "mean": 105.82728629999947,
    "std": 0.0,
    "iqr": 0.0,
    "p10": 105.82728629999947,
    "p90": 105.82728629999947,
    "worst": 105.82728629999947,
    "best": 105.82728629999947,
    "pct_positive": 100.0,
    "robustness_score": 118.32728629999947,
    "vs_baseline_winrate": 0.0
  },
  "median_ci": [
    -34.11178600000127,
    158.1814777000016
  ]
}