fold,return_pct,sharpe,max_dd_pct,n_trades
0,0.17188799999980908,0.07451023976713836,22.315723287832785,92
