{
  "policy_arch": "cnn",
  "feature_groups": [],
  "baseline_buy_hold_pct": 118.85597305552112,
  "single": {
    "n_cells": 4,
    "median": -9.242710450000347,
    "mean": -2.936258900000438,
    "std": 16.271460084139765,
    "iqr": 12.14605895000011,
    "p10": -15.55534756000022,
    "p90": 14.727990999999276,
    "worst": -17.817236500000067,
    "best": 24.55762179999901,
    "pct_positive": 25.0,
    "robustness_score": -39.38297642500047,
    "vs_baseline_winrate": 0.0
  },
  "ensemble": {
    "n_cells": 1,
    "median": 0.17188799999980908,
    "mean": 0.17188799999980908,
    "std": 0.0,
    "iqr": 0.0,
    "p10": 0.17188799999980908,
    "p90": 0.17188799999980908,
    "worst": 0.17188799999980908,
    "best": 0.17188799999980908,
    "pct_positive": 100.0,
    "robustness_score": 12.671887999999809,
    "vs_baseline_winrate": 0.0
  },
  "median_ci": [
    -17.817236500000067,
    24.55762179999901
  ]
}