{
  "policy_arch": "cnn",
  "feature_groups": [],
  "baseline_buy_hold_pct": 25.943379022376,
  "single": {
    "n_cells": 128,
    "median": 10.700226099999199,
    "mean": 15.37090035546758,
    "std": 28.170253720814955,
    "iqr": 24.64508827500073,
    "p10": -13.81336762000155,
    "p90": 47.22610491999967,
    "worst": -34.272360500000964,
    "best": 116.00832650000012,
    "pct_positive": 69.53125,
    "robustness_score": -31.01186603750213,
    "vs_baseline_winrate": 23.4375
  },
  "ensemble": {
    "n_cells": 4,
    "median": 29.076057149998967,
    "mean": 30.43052719999904,
    "std": 17.91539712183592,
    "iqr": 27.3310482000006,
    "p10": 11.739016089998538,
    "p90": 50.20561434999961,
    "worst": 8.839848099998427,
    "best": 54.7301463999998,
    "pct_positive": 100.0,
    "robustness_score": 27.91053304999867,
    "vs_baseline_winrate": 50.0
  },
  "median_ci": [
    6.6115513499983125,
    13.617451549998705
  ]
}