{
  "policy_arch": "cnn",
  "feature_groups": [],
  "baseline_buy_hold_pct": 26.992628223685376,
  "single": {
    "n_cells": 12,
    "median": 8.184663599998231,
    "mean": 18.633692874999213,
    "std": 46.62006167997143,
    "iqr": 59.50415972500082,
    "p10": -37.81465952000104,
    "p90": 84.22816918999872,
    "worst": -40.02540510000048,
    "best": 105.11286490000114,
    "pct_positive": 58.333333333333336,
    "robustness_score": -59.50948802916932,
    "vs_baseline_winrate": 33.33333333333333
  },
  "ensemble": {
    "n_cells": 4,
    "median": 9.892479199999604,
    "mean": 17.578356399999528,
    "std": 15.702408436192911,
    "iqr": 11.46513175000049,
    "p10": 6.763317609999634,
    "p90": 34.54209694999937,
    "worst": 5.9369613999998405,
    "best": 44.59150579999906,
    "pct_positive": 100.0,
    "robustness_score": 16.65991332499936,
    "vs_baseline_winrate": 25.0
  },
  "median_ci": [
    -14.51146765000076,
    57.98882229999964
  ]
}