fold,return_pct,sharpe,max_dd_pct,n_trades
0,208.19380399999864,1.9411867260882023,20.7416705381054,247
