{
  "policy_arch": "cnn",
  "feature_groups": [],
  "baseline_buy_hold_pct": 122.51020728441216,
  "single": {
    "n_cells": 3,
    "median": -40.01689770000117,
    "mean": 54.982109999998386,
    "std": 134.35464940631283,
    "iqr": 142.5066634499995,
    "p10": -40.0234192200013,
    "p90": 187.98724229999792,
    "worst": -40.02504960000134,
    "best": 244.98827729999766,
    "pct_positive": 33.33333333333333,
    "robustness_score": -155.46194569166892,
    "vs_baseline_winrate": 33.33333333333333
  },
  "ensemble": {
    "n_cells": 1,
    "median": 208.19380399999864,
    "mean": 208.19380399999864,
    "std": 0.0,
    "iqr": 0.0,
    "p10": 208.19380399999864,
    "p90": 208.19380399999864,
    "worst": 208.19380399999864,
    "best": 208.19380399999864,
    "pct_positive": 100.0,
    "robustness_score": 220.69380399999864,
    "vs_baseline_winrate": 100.0
  },
  "median_ci": [
    -40.02504960000134,
    244.98827729999766
  ]
}