fold,return_pct,sharpe,max_dd_pct,n_trades
0,16.94454350000005,0.47028357682100547,26.94597838663,110
