{
  "policy_arch": "cnn",
  "feature_groups": [],
  "baseline_buy_hold_pct": 125.26654112523671,
  "single": {
    "n_cells": 4,
    "median": 20.704394500000056,
    "mean": 15.039538124999137,
    "std": 16.63703248084937,
    "iqr": 20.42148957499978,
    "p10": -3.984672770001654,
    "p90": 29.53186391999919,
    "worst": -11.748602300002563,
    "best": 30.497965799998994,
    "pct_positive": 75.0,
    "robustness_score": 4.995047412497604,
    "vs_baseline_winrate": 0.0
  },
  "ensemble": {
    "n_cells": 1,
    "median": 16.94454350000005,
    "mean": 16.94454350000005,
    "std": 0.0,
    "iqr": 0.0,
    "p10": 16.94454350000005,
    "p90": 16.94454350000005,
    "worst": 16.94454350000005,
    "best": 16.94454350000005,
    "pct_positive": 100.0,
    "robustness_score": 29.44454350000005,
    "vs_baseline_winrate": 0.0
  },
  "median_ci": [
    -11.748602300002563,
    30.497965799998994
  ]
}