fold,seed,return_pct,sharpe,max_dd_pct,n_trades
0,0,-40.265326700000884,-1.3276220769602745,41.86274249734161,130
0,1,-40.47071530000116,-1.4896457704876942,42.960865220849364,112
