fold,return_pct,sharpe,max_dd_pct,n_trades
0,-40.395466500001255,-0.9401587045972333,40.428047651751434,190
