{
  "policy_arch": "cnn",
  "feature_groups": [],
  "baseline_buy_hold_pct": 118.85597305552112,
  "single": {
    "n_cells": 2,
    "median": -40.36802100000102,
    "mean": -40.36802100000102,
    "std": 0.10269430000013813,
    "iqr": 0.10269430000013813,
    "p10": -40.45017644000113,
    "p90": -40.285865560000914,
    "worst": -40.47071530000116,
    "best": -40.265326700000884,
    "pct_positive": 0.0,
    "robustness_score": -93.39008345000225,
    "vs_baseline_winrate": 0.0
  },
  "ensemble": {
    "n_cells": 1,
    "median": -40.395466500001255,
    "mean": -40.395466500001255,
    "std": 0.0,
    "iqr": 0.0,
    "p10": -40.395466500001255,
    "p90": -40.395466500001255,
    "worst": -40.395466500001255,
    "best": -40.395466500001255,
    "pct_positive": 0.0,
    "robustness_score": -93.29093300000251,
    "vs_baseline_winrate": 0.0
  },
  "median_ci": [
    -40.47071530000116,
    -40.265326700000884
  ]
}