{
  "policy_arch": "cnn",
  "feature_groups": [],
  "baseline_buy_hold_pct": 26.178648261482543,
  "single": {
    "n_cells": 128,
    "median": -7.067588250001167,
    "mean": -6.3702383085944465,
    "std": 17.504515328320892,
    "iqr": 18.21709114999999,
    "p10": -27.485319850000778,
    "p90": 15.318492479999056,
    "worst": -40.443829100000386,
    "best": 79.75365349999831,
    "pct_positive": 30.46875,
    "robustness_score": -61.502775425001545,
    "vs_baseline_winrate": 3.90625
  },
  "ensemble": {
    "n_cells": 4,
    "median": -10.917400850001425,
    "mean": -11.215745675000836,
    "std": 9.353226010950394,
    "iqr": 8.336748024999345,
    "p10": -20.90384454999993,
    "p90": -1.7663226600012671,
    "worst": -24.68310939999935,
    "best": 1.6549283999988562,
    "pct_positive": 25.0,
    "robustness_score": -46.01888426250045,
    "vs_baseline_winrate": 0.0
  },
  "median_ci": [
    -8.97739409999998,
    -5.079274085001069
  ]
}