fold,seed,return_pct,sharpe,max_dd_pct,n_trades
0,0,5.835466099998876,0.20870462944529652,23.57819683960814,171
0,1,-40.34838050000084,-1.0841921884100654,47.00306469446848,145
