fold,return_pct,sharpe,max_dd_pct,n_trades
0,-15.084231600000809,-0.20986909840770387,31.068649725054794,179
