{
  "policy_arch": "cnn",
  "feature_groups": [],
  "baseline_buy_hold_pct": 118.85597305552112,
  "single": {
    "n_cells": 2,
    "median": -17.256457200000984,
    "mean": -17.256457200000984,
    "std": 23.09192329999986,
    "iqr": 23.09192329999986,
    "p10": -35.72999584000087,
    "p90": 1.2170814399989052,
    "worst": -40.34838050000084,
    "best": 5.835466099998876,
    "pct_positive": 50.0,
    "robustness_score": -69.15079935000176,
    "vs_baseline_winrate": 0.0
  },
  "ensemble": {
    "n_cells": 1,
    "median": -15.084231600000809,
    "mean": -15.084231600000809,
    "std": 0.0,
    "iqr": 0.0,
    "p10": -15.084231600000809,
    "p90": -15.084231600000809,
    "worst": -15.084231600000809,
    "best": -15.084231600000809,
    "pct_positive": 0.0,
    "robustness_score": -42.66846320000162,
    "vs_baseline_winrate": 0.0
  },
  "median_ci": [
    -40.34838050000084,
    5.835466099998876
  ]
}