{
  "policy_arch": "cnn",
  "feature_groups": [
    "volatility"
  ],
  "baseline_buy_hold_pct": 26.992628223685376,
  "single": {
    "n_cells": 32,
    "median": -0.817589550000769,
    "mean": 14.933410799998626,
    "std": 54.45581098565613,
    "iqr": 62.24794887499959,
    "p10": -40.00918575000138,
    "p90": 106.0819110400005,
    "worst": -40.139277500001505,
    "best": 144.32613630000063,
    "pct_positive": 43.75,
    "robustness_score": -73.64334148750207,
    "vs_baseline_winrate": 28.125
  },
  "ensemble": {
    "n_cells": 4,
    "median": 36.32364014999932,
    "mean": 37.66115037499968,
    "std": 13.136167726638961,
    "iqr": 21.184219375000445,
    "p10": 24.171640189999135,
    "p90": 52.22066874000051,
    "worst": 22.685876599999034,
    "best": 55.31144460000104,
    "pct_positive": 100.0,
    "robustness_score": 38.231530462499094,
    "vs_baseline_winrate": 75.0
  },
  "median_ci": [
    -19.888397700001843,
    18.157614049998692
  ]
}