{
  "policy_arch": "cnn",
  "feature_groups": [],
  "baseline_buy_hold_pct": 26.992628223685376,
  "single": {
    "n_cells": 128,
    "median": 0.36277254999885766,
    "mean": 3.26832541093688,
    "std": 29.755327482619844,
    "iqr": 22.815845474999563,
    "p10": -28.947545150001115,
    "p90": 33.414743129998584,
    "worst": -40.28529920000041,
    "best": 142.77977020000185,
    "pct_positive": 50.0,
    "robustness_score": -51.33044938750133,
    "vs_baseline_winrate": 13.28125
  },
  "ensemble": {
    "n_cells": 4,
    "median": 1.7973012999999538,
    "mean": 1.490636649999999,
    "std": 0.8928971343735468,
    "iqr": 0.69432155000001,
    "p10": 0.5187232799999887,
    "p90": 2.2172183000000456,
    "worst": 0.0,
    "best": 2.3679440000000884,
    "pct_positive": 75.0,
    "robustness_score": 7.700140524999949,
    "vs_baseline_winrate": 0.0
  },
  "median_ci": [
    -3.71393260000068,
    5.539904649998406
  ]
}