{
  "policy_arch": "cnn",
  "deadline_range": [
    32,
    128
  ],
  "fixed_cost_bps": 1.0,
  "impact_bps_per_lot": 10.0,
  "n_eval_episodes": 50,
  "single": {
    "n_cells": 2,
    "median": 0.4238832187140815,
    "mean": 0.4238832187140815,
    "std": 0.4547725827902873,
    "iqr": 0.4547725827902873,
    "p10": 0.06006515248185168,
    "p90": 0.7877012849463114,
    "worst": -0.030889364076205794,
    "best": 0.8786558015043688,
    "pct_positive": 50.0,
    "robustness_score": 0.16560756324273207,
    "vs_baseline_winrate": 50.0
  },
  "ensemble": {
    "n_cells": 1,
    "median": 0.7064719797971586,
    "mean": 0.7064719797971586,
    "std": 0.0,
    "iqr": 0.0,
    "p10": 0.7064719797971586,
    "p90": 0.7064719797971586,
    "worst": 0.7064719797971586,
    "best": 0.7064719797971586,
    "pct_positive": 100.0,
    "robustness_score": 13.206471979797158,
    "vs_baseline_winrate": 100.0
  },
  "median_ci": [
    -0.030889364076205794,
    0.8786558015043688
  ]
}