{
  "policy_arch": "cnn",
  "feature_groups": [],
  "baseline_buy_hold_pct": 25.943379022376,
  "single": {
    "n_cells": 128,
    "median": 9.852289049998475,
    "mean": 13.696869517967466,
    "std": 27.737406907115993,
    "iqr": 31.250372975000836,
    "p10": -16.407970770001903,
    "p90": 48.93102074999946,
    "worst": -32.78375190000099,
    "best": 130.42647389999954,
    "pct_positive": 67.1875,
    "robustness_score": -34.25977433750293,
    "vs_baseline_winrate": 25.0
  },
  "ensemble": {
    "n_cells": 4,
    "median": 11.163478399998805,
    "mean": 19.591312499998942,
    "std": 19.085730610531417,
    "iqr": 13.241857450000134,
    "p10": 5.790893329998597,
    "p90": 40.1339989499994,
    "worst": 3.813844399998456,
    "best": 52.2244487999997,
    "pct_positive": 100.0,
    "robustness_score": 17.04254967499874,
    "vs_baseline_winrate": 25.0
  },
  "median_ci": [
    4.507736499998305,
    15.496473999999461
  ]
}