{
  "policy_arch": "cnn",
  "feature_groups": [],
  "baseline_buy_hold_pct": 25.943379022376,
  "single": {
    "n_cells": 128,
    "median": 1.6016093499975348,
    "mean": 7.4424906945298215,
    "std": 26.530851402597285,
    "iqr": 28.509338450000662,
    "p10": -17.448505660001604,
    "p90": 34.878835449999855,
    "worst": -40.033776000000806,
    "best": 122.77083810000002,
    "pct_positive": 52.34375,
    "robustness_score": -52.1008983750036,
    "vs_baseline_winrate": 17.96875
  },
  "ensemble": {
    "n_cells": 4,
    "median": 13.828592299998688,
    "mean": 13.995765124998716,
    "std": 17.153124477682212,
    "iqr": 12.870625825000115,
    "p10": -3.0626601600018057,
    "p90": 31.187928669999266,
    "worst": -10.089010800002107,
    "best": 38.4148866999996,
    "pct_positive": 75.0,
    "robustness_score": 3.554268587496523,
    "vs_baseline_winrate": 25.0
  },
  "median_ci": [
    -3.21689770000243,
    5.29498584999838
  ]
}