{
  "policy_arch": "cnn",
  "feature_groups": [],
  "baseline_buy_hold_pct": 25.943379022376,
  "single": {
    "n_cells": 128,
    "median": 9.322485299998718,
    "mean": 11.311431924217533,
    "std": 23.73953014195318,
    "iqr": 31.179050849999847,
    "p10": -16.897568380001665,
    "p90": 44.440513889999664,
    "worst": -34.97062770000119,
    "best": 86.41341879999914,
    "pct_positive": 67.1875,
    "robustness_score": -36.94079282500239,
    "vs_baseline_winrate": 23.4375
  },
  "ensemble": {
    "n_cells": 4,
    "median": 10.879330499998952,
    "mean": 14.448446674998916,
    "std": 19.829396300351608,
    "iqr": 25.34702927500041,
    "p10": -5.012978320001592,
    "p90": 36.7651646099994,
    "worst": -8.348546500001808,
    "best": 44.383672199999566,
    "pct_positive": 75.0,
    "robustness_score": -3.8927306375030604,
    "vs_baseline_winrate": 25.0
  },
  "median_ci": [
    2.6643900999983927,
    15.093262699999666
  ]
}