fold,seed,return_pct,sharpe,max_dd_pct,n_trades
0,0,-40.04166910000103,-2.0063808391747946,47.18692438332985,99
0,1,-40.04166910000103,-2.0063808391747946,47.18692438332985,99
