{
  "policy_arch": "cnn",
  "feature_groups": [],
  "baseline_buy_hold_pct": 122.51020728441216,
  "single": {
    "n_cells": 2,
    "median": -40.04166910000103,
    "mean": -40.04166910000103,
    "std": 0.0,
    "iqr": 0.0,
    "p10": -40.04166910000103,
    "p90": -40.04166910000103,
    "worst": -40.04166910000103,
    "best": -40.04166910000103,
    "pct_positive": 0.0,
    "robustness_score": -92.58333820000206,
    "vs_baseline_winrate": 0.0
  },
  "ensemble": {
    "n_cells": 1,
    "median": -40.04166910000103,
    "mean": -40.04166910000103,
    "std": 0.0,
    "iqr": 0.0,
    "p10": -40.04166910000103,
    "p90": -40.04166910000103,
    "worst": -40.04166910000103,
    "best": -40.04166910000103,
    "pct_positive": 0.0,
    "robustness_score": -92.58333820000206,
    "vs_baseline_winrate": 0.0
  },
  "median_ci": [
    -40.04166910000103,
    -40.04166910000103
  ]
}