{
  "policy_arch": "cnn",
  "feature_groups": [],
  "baseline_buy_hold_pct": 26.33304304583987,
  "single": {
    "n_cells": 128,
    "median": 6.344341499999128,
    "mean": 9.738830110155455,
    "std": 18.981627041419415,
    "iqr": 22.11065622500066,
    "p10": -11.750198660001216,
    "p90": 37.57966917999996,
    "worst": -23.96579630000125,
    "best": 72.40809379999938,
    "pct_positive": 67.96875,
    "robustness_score": -24.184595412502453,
    "vs_baseline_winrate": 16.40625
  },
  "ensemble": {
    "n_cells": 4,
    "median": 3.295705399999327,
    "mean": 4.319287874999375,
    "std": 7.8188378820413735,
    "iqr": 12.40649042500052,
    "p10": -3.5988660100010352,
    "p90": 13.056307739999825,
    "worst": -4.40094430000112,
    "best": 15.086684999999967,
    "pct_positive": 50.0,
    "robustness_score": -7.308484112502053,
    "vs_baseline_winrate": 0.0
  },
  "median_ci": [
    3.6318605999986153,
    10.2692506999988
  ]
}