{
  "policy_arch": "cnn",
  "feature_groups": [],
  "baseline_buy_hold_pct": 25.943379022376,
  "single": {
    "n_cells": 128,
    "median": 5.873217699998823,
    "mean": 11.24873640702965,
    "std": 28.07333247670564,
    "iqr": 31.944053375001463,
    "p10": -18.422849680001704,
    "p90": 46.12018529999859,
    "worst": -31.72574800000152,
    "best": 144.65490450000033,
    "pct_positive": 64.84375,
    "robustness_score": -38.11361948750343,
    "vs_baseline_winrate": 23.4375
  },
  "ensemble": {
    "n_cells": 4,
    "median": 16.659648049998452,
    "mean": 18.10217569999863,
    "std": 15.592033185424967,
    "iqr": 15.700578200000708,
    "p10": 2.5086848499980094,
    "p90": 34.849688669999395,
    "worst": -2.1726071000021108,
    "best": 41.26201379999972,
    "pct_positive": 75.0,
    "robustness_score": 12.886751849995989,
    "vs_baseline_winrate": 25.0
  },
  "median_ci": [
    3.1927917999983846,
    10.91207849999869
  ]
}